{
  "models": [
    {
      "id": "model_1",
      "position": { "x": 2.28, "y": -0.863369215889594, "z": 0.03812907174851421 },
      "rotation": { "x": 0, "y": 54, "z": 0 },
      "scale": { "x": 1, "y": 1, "z": 1 }
    },
    {
      "id": "model_2",
      "position": { "x": -2.1, "y": -0.863369215889594, "z": 0.03812907174851421 },
      "rotation": { "x": 0, "y": 115, "z": 0 },
      "scale": { "x": 1, "y": 1, "z": 1 }
    },
    {
      "id": "model_3",
      "position": { "x": 0.03, "y": -0.863369215889594, "z": 0.03812907174851421 },
      "rotation": { "x": 0, "y": 88, "z": -4 },
      "scale": { "x": 1, "y": 1, "z": 1 }
    }
  ]
}
